YEAR,SPECIES_CD,n,CPUE,vbar_CPUE,SE_CPUE,CV_CPUE
2020,ETCO,247,0.168410583,0.001720434,0.041478116,24.62916254
