YEAR,SPECIES_CD,n,CPUE,vbar_CPUE,SE_CPUE,CV_CPUE
2020,ETCA,452,0.476884515,0.007535422,0.086806811,18.20289984
