"YEAR","SPECIES_CD","n","COMMON_NAME","CPUE","SE_CPUE","abund","SE_abund","Biomass_kg","SE_Biomass_kg","CV_CPUE","avBiomass_kg","vbar_CPUE","vbar_abund","vbar_Biomass_kg","SE_abund.1","SE_avBiomass_kg","SE_Biomass_kg.1"
2022,"ETCA",596,"Ehu",0.162028413352755,0.0241024193612268,399585.190150886,59440.0057635844,384115.606667725,70133.3391931903,14.8754276256183,0.155755628152538,0.000580926619064441,3533114285.17495,4918685266.38709,59440.0057635844,0.02843847558092,70133.3391931903
2022,"PRZO",594,"Gindai",0.0144080647166835,0.00506463705039933,35532.3437438594,12490.1177327651,29332.7859285096,9730.71994832627,35.1514040920073,0.0118941964826519,2.56505484522776e-05,156003040.978332,94686910.7127548,12490.1177327651,0.00394572459858173,9730.71994832627
2022,"HYQU",596,"Hapuupuu",0.00246348458213308,0.00153973239219737,6075.30453959534,3797.19981197485,56257.514396524,45942.4301218887,62.5022134648047,0.0228119460418355,2.37077583958184e-06,14418726.4120618,2110706885.50462,3797.19981197485,0.018629266653773,45942.4301218887
2022,"PRSI",596,"Kalekale",0.211302900042048,0.0808634639551454,521103.106212077,199420.842012625,433343.688965001,158671.150193362,38.2689797154011,0.175717198960541,0.0065388998028251,39768672229.0243,25176533903.6843,199420.842012625,0.0643398087426091,158671.150193362
2022,"APRU",595,"Lehi",0.0208697228282231,0.00652298941811052,51467.7147801004,16086.6227907402,120024.021306548,33365.0828352386,31.2557549125146,0.0486687250074853,4.25493909487818e-05,258779432.811562,1113228752.60233,16086.6227907402,0.0135292587574019,33365.0828352386
2022,"ETCO",596,"Onaga",0.0663108907876557,0.0212351604800753,163532.119806501,52368.9361806071,275898.789999852,81123.7594016891,32.0236392964101,0.111874624714547,0.000450932040614552,2742505476.6885,6581064339.46314,52368.9361806071,0.032894997975533,81123.7594016891
2022,"PRFI",594,"Opakapaka",0.231507459308469,0.0470297642566537,570930.432724318,115982.110201456,892982.686914759,152684.344765167,20.3145783713126,0.362096923205896,0.00221179872603642,13451849886.7826,23312509136.3683,115982.110201456,0.0619122098012776,152684.344765167
