"YEAR","SPECIES_CD","n","Biomass_kg","vbar_Biomass_kg","CPUE","vbar_CPUE","abund","vbar_abund","avBiomass_kg","vbar_avBiomass_kg","SE_CPUE","SE_abund","SE_avBiomass_kg","SE_Biomass_kg","CV_CPUE"
2018,"APRU",439,149869.827299382,13972119164.5454,0.0195721227694239,0.000238982922544365,48267.6478566144,1453460643.47017,0.0607709467850917,0.00229734316307941,0.015459072499486,38124.2789239373,0.047930607789589,118203.718911654,78.9851600749029
2018,"ETCA",439,594298.796077852,22514039241.0756,0.22495172735522,0.00269665865130236,554763.062169288,16400700003.2135,0.240983132907368,0.00370183459750569,0.0519293621307095,128065.217772873,0.0608427037327048,150046.790172518,23.0846692049215
2018,"ETCO",442,616125.005971845,93542134887.103,0.0900033571221788,0.00120517802113874,221961.122902475,7329723829.01229,0.249833476327985,0.0153805146887129,0.034715673998048,85613.806299056,0.124018203053878,305846.587175831,38.5715323384235
2018,"HYQU",442,211246.593586785,6351745289.61028,0.0159913411068852,3.22984252263526e-05,39436.9292690091,196434495.874294,0.0856587061500364,0.00104437547682358,0.00568317034993256,14015.5091193397,0.0323167986784517,79697.8374211639,35.539047738064
2018,"PRFI",437,1303930.18599902,92508294852.0045,0.208470564291286,0.00199457330844619,514118.162052468,12130715339.3124,0.528732656684313,0.0152105272080465,0.0446606460818268,110139.526689161,0.12333096613603,304151.762861905,21.4229986058965
2018,"PRSI",441,653814.082058928,40917598529.4978,0.289896796218838,0.00804674864098647,714926.870196789,48939197550.4013,0.265116077759774,0.00672781015709495,0.0897036712793098,221222.054846259,0.0820232293749457,202280.989046173,30.9433123957652
2018,"PRZO",442,26370.0127875841,103844749.899855,0.00978127721391146,1.48214897552931e-05,24122.0254803716,90142223.5846823,0.0106928170447226,1.70745055488428e-05,0.00384986879715311,9494.32586257088,0.0041321308726664,10190.4244219687,39.3595714849756
