"YEAR","SPECIES_CD","n","COMMON_NAME","CPUE","SE_CPUE","abund","SE_abund","Biomass_kg","SE_Biomass_kg","CV_CPUE","avBiomass_kg","vbar_CPUE","vbar_abund","vbar_Biomass_kg","SE_abund.1","SE_avBiomass_kg","SE_Biomass_kg.1"
2021,"ETCA",747,"Ehu",0.254097395742425,0.0337130285231841,626640.439745165,83141.1394720645,607138.149027153,94504.7117953154,13.2677583824426,0.246189381882876,0.00113656829220502,6912449072.71328,8931140551.51562,83141.1394720645,0.0383208609427499,94504.7117953154
2021,"PRZO",746,"Gindai",0.0257905547749975,0.00512570561150135,63603.1886051237,12640.7215194421,55141.8284157507,11346.2407577494,19.8743518944014,0.0223595448174649,2.62728580157765e-05,159787840.532086,128737179.332813,12640.7215194421,0.00460080461641308,11346.2407577494
2021,"HYQU",747,"Hapuupuu",0.00601425387826499,0.00205994302414876,14832.0083486231,5080.11346881757,68828.1508190858,25343.0092178249,34.2510154350687,0.0279092327396056,4.24336526273913e-06,25807552.8560617,642268116.214757,5080.11346881757,0.0102763757875958,25343.0092178249
2021,"PRSI",747,"Kalekale",0.270778485903404,0.0839749822655517,667778.388614584,207094.290206028,540709.37489435,168723.382257748,31.0124277360456,0.219253076086252,0.00705179764649972,42888045035.9385,28467579720.494,207094.290206028,0.0684159037836469,168723.382257748
2021,"APRU",747,"Lehi",0.0576262126487909,0.0453751554609278,142114.464139144,111901.608784547,665447.531399703,558568.959645331,78.7404782914879,0.269833343026271,0.00205890473310337,12521970048.5698,311999282679.268,111901.608784547,0.226494986576598,558568.959645331
2021,"ETCO",747,"Onaga",0.0552784166877039,0.012538514529487,136324.464248791,30921.7661816318,260302.642382538,59886.0061267908,22.6824776844161,0.105550518828904,0.000157214346606156,956155623.79151,3586333729.81803,30921.7661816318,0.0242832687344926,59886.0061267908
2021,"PRFI",747,"Opakapaka",0.271011622033873,0.0416141445495416,668353.335582816,102626.419149048,1267922.22644449,248821.990595767,15.3551143811612,0.514131733781021,0.00173173702659014,10532181907.3561,61912383004.0402,102626.419149048,0.100895211677597,248821.990595767
