YEAR,SPECIES_CD,n,COMMON_NAME,CPUE,SE_CPUE,abund,SE_abund,Biomass_kg,SE_Biomass_kg,CV_CPUE,avBiomass_kg,vbar_CPUE,vbar_abund,vbar_Biomass_kg,SE_abund.1,SE_avBiomass_kg,SE_Biomass_kg.1
2020,ETCA,499,Ehu,0.3797,0.0680,"936,341","167,740.1","882,078.0","151,840.1",17.9,0.357675181,0.004626336,28136725644,23055408627,167740.0538,0.061569866,151840.0758
2020,PRZO,499,Gindai,0.0694,0.0167,"171,151","41,151.8","174,479.1","45,378.2",24.0,0.070749807,0.000278446,1693466806,2059181751,41151.75338,0.018400479,45378.20789
2020,HYQU,499,Hapuupuu,0.0141,0.0053,"34,655","13,050.7","212,322.2","85,781.1",37.7,0.086094841,2.80E-05,170319741.2,7358401780,13050.66057,0.034783521,85781.12718
2020,PRSI,499,Kalekale,0.4152,0.1383,"1,024,052","341,018.9","781,899.5","248,643.1",33.3,0.317053623,0.019121433,1.16294E+11,61823394230,341018.8786,0.100822676,248643.1061
2020,APRU,499,Lehi,0.0035,0.0025,"8,751","6,281.4","23,624.2","16,357.7",71.8,0.009579424,6.49E-06,39456252.54,267575629.2,6281.42122,0.006632925,16357.73912
2020,ETCO,499,Onaga,0.0762,0.0193,"188,001","47,576.4","335,385.6","99,570.5",25.3,0.135996014,0.000372175,2263516470,9914283868,47576.42767,0.040374994,99570.49698
2020,PRFI,499,Opakapaka,0.2796,0.0902,"689,596","222,374.6","1,059,126.4","291,476.4",32.2,0.429466773,0.008130813,49450464299,84958478842,222374.6035,0.118191205,291476.3778
