"YEAR","SPECIES_CD","n","Biomass_kg","vbar_Biomass_kg","CPUE","vbar_CPUE","abund","vbar_abund","avBiomass_kg","vbar_avBiomass_kg","SE_CPUE","SE_abund","SE_avBiomass_kg","SE_Biomass_kg","CV_CPUE"
2019,"APRU",475,38810.9228619772,NA,0.0043202149364383,NA,10654.2665644145,NA,0.0157375008060428,NA,NA,NA,NA,NA,NA
2019,"ETCA",470,989964.371499786,NA,0.413677427452933,NA,1020187.57136153,NA,0.401422175654956,NA,NA,NA,NA,NA,NA
2019,"ETCO",475,639512.925708825,NA,0.0650266950661899,NA,160365.109891791,NA,0.259317079874887,NA,NA,NA,NA,NA,NA
2019,"HYQU",475,87655.8517462047,NA,0.00583551871061873,NA,14391.2219181895,NA,0.0355437061472645,NA,NA,NA,NA,NA,NA
2019,"PRFI",472,1719331.13198162,NA,0.30765594625299,NA,758723.468561703,NA,0.697174225195343,NA,NA,NA,NA,NA,NA
2019,"PRSI",475,570985.198986285,NA,0.251701684770768,NA,620732.274600871,NA,0.23152966656427,NA,NA,NA,NA,NA,NA
2019,"PRZO",475,67325.8278530716,NA,0.0273552708429324,NA,67462.0017268488,NA,0.0273000534894067,NA,NA,NA,NA,NA,NA
