"YEAR","SPECIES_CD","n","Biomass_kg","vbar_Biomass_kg","CPUE","vbar_CPUE","abund","vbar_abund","avBiomass_kg","vbar_avBiomass_kg","SE_CPUE","SE_abund","SE_avBiomass_kg","SE_Biomass_kg","CV_CPUE"
2017,"APRU",444,125307.26977883,4025441974.15699,0.019369520983068,9.17722935449972e-05,47768.0029384748,558146228.226341,0.050811037556629,0.000661876805428986,0.00957978567322866,23625.1185865032,0.0257269665026599,63446.3708509556,49.4580412267442
2017,"ETCA",449,622996.042908871,15783022451.0427,0.224965206879725,0.00185710850968942,554796.30460036,11294673697.808,0.252619623663862,0.00259509801581422,0.0430941818542761,106276.402356346,0.0509421045483422,125630.499684761,19.1559319114248
2017,"ETCO",444,1184323.15159541,145495989763.582,0.18909833853941,0.00312981749880623,466343.488768119,19035111410.1662,0.480233016337464,0.0239229434992949,0.0559447718630279,137967.791205651,0.154670435117041,381439.36577598,29.5850150218895
2017,"HYQU",447,131506.351151217,6418130808.95425,0.00694394222217879,8.03456370312657e-06,17124.7524790929,48865090.4659539,0.053324712597071,0.00105529080879264,0.00283453059661147,6990.35696269896,0.0324852398604758,80113.2374140145,40.8201927077971
2017,"PRFI",438,2298903.15773352,180890136427.801,0.450357569770216,0.0108663258931851,1110646.03688204,66087471258.2586,0.932185777352129,0.0297425689902087,0.104241670617777,257074.835910205,0.172460340340058,425311.810825659,23.1464235565006
2017,"PRSI",441,1588274.70683001,158230097854.307,0.728381910246155,0.0317693610323237,1796293.73691714,193216801590.103,0.644031953783884,0.0260167286878994,0.17823961689906,439564.331571731,0.161297020083755,397781.469973536,24.470626520478
2017,"PRZO",448,39932.1965108309,186185789.879548,0.0156264973167886,2.91880339216772e-05,38537.1724163409,177517531.854413,0.0161921677825377,3.06132982695783e-05,0.00540259510991497,13323.570537,0.00553292854368988,13644.9913843706,34.5732956041953
