"YEAR","SPECIES_CD","n","CPUE","vbar_CPUE","SE_CPUE","CV_CPUE"
2019,"ETCO",258,0.118489315493343,0.00303621031338917,0.0551018176958725,46.5036171965802
2020,"ETCO",247,0.168410583143559,0.00172043412819549,0.0414781162565935,24.6291625397652
2021,"ETCO",373,0.107068727783416,0.000598678903246932,0.0244679157928691,22.8525324802253
