"YEAR","SPECIES_CD","n","CPUE","vbar_CPUE","SE_CPUE","CV_CPUE"
2020,"PRFI",332,0.593548213031786,0.0320726302914351,0.179088330975067,30.1724993931498
2021,"PRFI",523,0.606840284221548,0.00937583398962237,0.0968288902633009,15.9562396862813
2022,"PRFI",410,0.658643294873876,0.0246403089136997,0.156972318940951,23.8326754652547
