YEAR,SPECIES_CD,n,CPUE,vbar_CPUE,SE_CPUE,CV_CPUE
2020,PRFI,332,0.593548213,0.03207263,0.179088331,30.17249939
