"YEAR","SPECIES_CD","n","Biomass_kg","vbar_Biomass_kg","CPUE","vbar_CPUE","abund","vbar_abund","avBiomass_kg","vbar_avBiomass_kg","SE_CPUE","SE_abund","SE_avBiomass_kg","SE_Biomass_kg","CV_CPUE"
2016,"APRU",327,175819.55935918,NA,0.0167737664578165,NA,41366.5018431114,NA,0.0712933435510746,NA,NA,NA,NA,NA,NA
2016,"ETCA",321,847664.915438245,NA,0.376801884336822,NA,929247.219585767,NA,0.343720950347017,NA,NA,NA,NA,NA,NA
2016,"ETCO",328,456495.836369496,NA,0.0747851061713715,NA,184430.744284848,NA,0.185105198821705,NA,NA,NA,NA,NA,NA
2016,"HYQU",329,120212.830374358,NA,0.00552987435213328,NA,13637.4593121331,NA,0.0487452854867975,NA,NA,NA,NA,NA,NA
2016,"PRFI",321,5506338.07531166,NA,1.28455222252392,NA,3167889.0971948,NA,2.23277349540837,NA,NA,NA,NA,NA,NA
2016,"PRSI",321,409277.367190446,NA,0.175701663015156,NA,433305.37510657,NA,0.165958509127979,NA,NA,NA,NA,NA,NA
2016,"PRZO",328,41570.997140129,NA,0.0181767811516255,NA,44826.5363000903,NA,0.0168566875703366,NA,NA,NA,NA,NA,NA
