"SPECIES_CD","nstar_20","nstar_15","nstar_10"
"PRFI",298.568779655892,513.511287217648,1057.08846950485
"ETCA",226.957476766828,397.397818950776,857.225128071886
"ETCO",228.561632412876,378.277852806373,710.892575105817
