"YEAR","SPECIES_CD","n","CPUE","vbar_CPUE","SE_CPUE","CV_CPUE"
2020,"ETCA",452,0.476884515431827,0.00753542238666718,0.0868068107159063,18.2028998440642
2021,"ETCA",658,0.315605038487622,0.00159850946123323,0.0399813639241238,12.6681640178225
2022,"ETCA",507,0.20684570685361,0.000930216451543487,0.0304994500203444,14.745024435982
