"YEAR","SPECIES_CD","n","CPUE","vbar_CPUE","SE_CPUE","CV_CPUE"
2019,"ETCA",378,0.526439342183128,0.00660892071280072,0.0812952686987423,15.442475929252
2020,"ETCA",452,0.476884515431827,0.00753542238666718,0.0868068107159063,18.2028998440642
2021,"ETCA",658,0.315605038487622,0.00159850946123323,0.0399813639241238,12.6681640178225
