"YEAR","SPECIES_CD","n","CPUE","vbar_CPUE","SE_CPUE","CV_CPUE"
2020,"ETCO",247,0.168410583143559,0.00172043412819549,0.0414781162565935,24.6291625397652
2021,"ETCO",373,0.107068727783416,0.000598678903246932,0.0244679157928691,22.8525324802253
2022,"ETCO",290,0.135662035201668,0.00182448774879989,0.0427140228590084,31.4856126074712
