"YEAR","SPECIES_CD","n","CPUE","vbar_CPUE","SE_CPUE","CV_CPUE"
2019,"PRFI",314,0.638515932227272,0.0141348773609079,0.118890190347682,18.6197688024743
2020,"PRFI",332,0.593548213031786,0.0320726302914351,0.179088330975067,30.1724993931498
2021,"PRFI",523,0.606840284221548,0.00937583398962237,0.0968288902633009,15.9562396862813
